folder,run_id,family,traj_idx,rel_mean_pct,rel_max_pct,ratio_nn_fd,diverged
p7_dataset_medium_pinn_0.01,p7_dataset_medium_pinn_0.01,gaussian,49,3.90393399362449,62.62080838717525,0.8632931496451776,False
p7_dataset_medium_pinn_0.01,p7_dataset_medium_pinn_0.01,gaussian,58,3.321752166339981,52.62936946413507,0.9496795850678421,False
p7_dataset_medium_pinn_0.01,p7_dataset_medium_pinn_0.01,gaussian,179,2.0234845575351454,57.24926871573253,0.7790757304818121,False
p7_dataset_medium_pinn_0.01,p7_dataset_medium_pinn_0.01,gaussian,208,1.3232016599715382,65.66905049267739,1.0054704303496478,False
p7_dataset_medium_pinn_0.01,p7_dataset_medium_pinn_0.01,gaussian,258,2.696929165090602,57.41226912270232,0.8132075883307986,False
p7_dataset_medium_pinn_0.01,p7_dataset_medium_pinn_0.01,gaussian,322,2.4800514020851487,55.005905265072435,0.8241767132803112,False
p7_dataset_medium_pinn_0.01,p7_dataset_medium_pinn_0.01,gaussian,426,1.4015773294321197,56.01233946777722,0.7811865661579092,False
p7_dataset_medium_pinn_0.01,p7_dataset_medium_pinn_0.01,gaussian,687,3.7166769208242094,59.03154018930664,0.837186291730806,False
p7_dataset_medium_pinn_0.01,p7_dataset_medium_pinn_0.01,gaussian,824,2.6709446373180272,48.50829518579869,0.8227762796069703,False
p7_dataset_medium_pinn_0.01,p7_dataset_medium_pinn_0.01,gaussian,910,2.1550254789912597,54.784957480746215,0.7894942314829078,False
p7_dataset_medium_pinn_0.01,p7_dataset_medium_pinn_0.01,gaussian,961,1.2459755249499331,53.950770053469626,0.8523666018782541,False
p7_dataset_medium_pinn_0.01,p7_dataset_medium_pinn_0.01,gaussian,965,2.8404520229817063,47.75559661131603,0.8144221967484383,False
p7_dataset_medium_pinn_0.01,p7_dataset_medium_pinn_0.01,gaussian,1072,2.0745459759725398,50.39784941151125,0.8290001066597696,False
p7_dataset_medium_pinn_0.01,p7_dataset_medium_pinn_0.01,gaussian,1082,3.4809101489985568,57.63505452527076,0.7856899671715872,False
p7_dataset_medium_pinn_0.01,p7_dataset_medium_pinn_0.01,gaussian,1087,3.621652722400978,63.97527045812391,0.8384350339018313,False
p7_dataset_medium_pinn_0.01,p7_dataset_medium_pinn_0.01,gaussian,1091,2.4330054244602106,128.8153245813596,1.0132039251670337,False
p7_dataset_medium_pinn_0.01,p7_dataset_medium_pinn_0.01,gaussian,1197,2.240267488425839,54.34074456776942,0.7895740574223968,False
p7_dataset_medium_pinn_0.01,p7_dataset_medium_pinn_0.01,gaussian,1237,3.1565294913495183,54.66512844998743,0.8997111301748038,False
p7_dataset_medium_pinn_0.01,p7_dataset_medium_pinn_0.01,gaussian,1395,4.180492585329643,111.24449099394057,0.7651081410955923,False
p7_dataset_medium_pinn_0.01,p7_dataset_medium_pinn_0.01,gaussian,1412,2.13574642810284,56.4123106337921,0.8024196983106503,False
p7_dataset_medium_pinn_0.01,p7_dataset_medium_pinn_0.01,gaussian,1732,3.6678047084557455,79.59673385720777,0.817600096835457,False
p7_dataset_medium_pinn_0.01,p7_dataset_medium_pinn_0.01,gaussian,1843,2.3681551977388664,52.29973723592946,0.8298004572435476,False
p7_dataset_medium_pinn_0.01,p7_dataset_medium_pinn_0.01,gaussian,1859,6.981483552253844,98.65883405380777,1.247841540074307,False
p7_dataset_medium_pinn_0.01,p7_dataset_medium_pinn_0.01,gaussian,1885,4.72024236073051,78.19168047442949,1.0076170879184092,False
p7_dataset_medium_pinn_0.01,p7_dataset_medium_pinn_0.01,gaussian,1887,1.589414941136564,56.11204336242608,0.7816601192172803,False
p7_dataset_medium_pinn_0.01,p7_dataset_medium_pinn_0.01,gaussian,1935,3.4204173649725327,78.57877804388711,0.9026537939845383,False
p7_dataset_medium_pinn_0.01,p7_dataset_medium_pinn_0.01,sawtooth,3,5.734645014558246,83.01881171320503,1.410482161379961,False
p7_dataset_medium_pinn_0.01,p7_dataset_medium_pinn_0.01,sawtooth,104,12.902763955023083,145.15083968225997,1.4336330320846136,False
p7_dataset_medium_pinn_0.01,p7_dataset_medium_pinn_0.01,sawtooth,108,5.531458625007047,93.40408560206824,1.1679743604543464,False
p7_dataset_medium_pinn_0.01,p7_dataset_medium_pinn_0.01,sawtooth,876,6.16841394826464,108.62371546662717,1.1680200944086816,False
p7_dataset_medium_pinn_0.01,p7_dataset_medium_pinn_0.01,sawtooth,944,4.671134309804806,99.23476960470299,0.9524499574807251,False
p7_dataset_medium_pinn_0.01,p7_dataset_medium_pinn_0.01,sawtooth,991,6.878685527596698,79.52418998941134,1.5521767748212134,False
p7_dataset_medium_pinn_0.01,p7_dataset_medium_pinn_0.01,sawtooth,1186,8.754717450794555,112.61545155513106,1.5543404144435828,False
p7_dataset_medium_pinn_0.01,p7_dataset_medium_pinn_0.01,sawtooth,1429,4.828322817226241,67.67332588101115,1.1431061624630934,False
p7_dataset_medium_pinn_0.01,p7_dataset_medium_pinn_0.01,sawtooth,1485,7.902200366007189,100.35556070547538,1.4022639788260747,False
p7_dataset_medium_pinn_0.01,p7_dataset_medium_pinn_0.01,sawtooth,1651,7.331404685003377,82.67651913012058,1.6082823194280533,False
p7_dataset_medium_pinn_0.01,p7_dataset_medium_pinn_0.01,sawtooth,1750,6.693732561268231,111.81982772283797,1.5102377749191875,False
p7_dataset_medium_pinn_0.01,p7_dataset_medium_pinn_0.01,sine_pulse,189,2.098854822364017,82.58547039573352,0.6433045135606231,False
p7_dataset_medium_pinn_0.01,p7_dataset_medium_pinn_0.01,sine_pulse,196,8.362068511619793,90.17627573415461,1.3630579499587383,False
p7_dataset_medium_pinn_0.01,p7_dataset_medium_pinn_0.01,sine_pulse,447,4.85356611562718,83.01097606161659,1.0298048362702044,False
p7_dataset_medium_pinn_0.01,p7_dataset_medium_pinn_0.01,sine_pulse,605,4.85803919733279,92.37161724315872,1.2868186024307373,False
p7_dataset_medium_pinn_0.01,p7_dataset_medium_pinn_0.01,sine_pulse,698,5.980015566975795,177.2283377586332,1.868500967600428,False
p7_dataset_medium_pinn_0.01,p7_dataset_medium_pinn_0.01,sine_pulse,711,5.133910590985982,86.29999736880177,1.0148145440784524,False
p7_dataset_medium_pinn_0.01,p7_dataset_medium_pinn_0.01,sine_pulse,745,17.498948166657804,125.1102813367413,1.149701718266226,False
p7_dataset_medium_pinn_0.01,p7_dataset_medium_pinn_0.01,sine_pulse,815,6.23021186250517,81.62057893952087,1.1080159874133655,False
p7_dataset_medium_pinn_0.01,p7_dataset_medium_pinn_0.01,sine_pulse,860,2.604453622469699,60.54493616211698,0.7279870846650497,False
p7_dataset_medium_pinn_0.01,p7_dataset_medium_pinn_0.01,sine_pulse,871,5.39582855923473,74.01383782237589,1.0898932970399027,False
p7_dataset_medium_pinn_0.01,p7_dataset_medium_pinn_0.01,sine_pulse,1030,7.478939443683121,130.52172952285162,1.5990984191395898,False
p7_dataset_medium_pinn_0.01,p7_dataset_medium_pinn_0.01,sine_pulse,1192,8.663531688003172,100.9199193764694,1.2291311671738552,False
p7_dataset_medium_pinn_0.01,p7_dataset_medium_pinn_0.01,sine_pulse,1281,5.591433670608827,88.80212470458368,1.4237929626360115,False
p7_dataset_medium_pinn_0.01,p7_dataset_medium_pinn_0.01,sine_pulse,1334,3.4339740746886145,67.64174565430721,1.0456515824572405,False
p7_dataset_medium_pinn_0.01,p7_dataset_medium_pinn_0.01,sine_pulse,1413,3.3897893413613844,77.17783481355592,0.9363666072235343,False
p7_dataset_medium_pinn_0.01,p7_dataset_medium_pinn_0.01,sine_pulse,1499,4.679489483699827,135.61616063133528,1.6084558406202973,False
p7_dataset_medium_pinn_0.01,p7_dataset_medium_pinn_0.01,sine_pulse,1629,4.129624982854411,77.73549099987459,1.0400387509479563,False
p7_dataset_medium_pinn_0.01,p7_dataset_medium_pinn_0.01,sine_pulse,1640,22.45038478734366,140.70985083929003,1.4193118972999692,False
p7_dataset_medium_pinn_0.01,p7_dataset_medium_pinn_0.01,sine_pulse,1728,9.46646948509046,98.86366116797505,1.0432725090142916,False
p7_dataset_medium_pinn_0.01,p7_dataset_medium_pinn_0.01,sine_pulse,1813,3.405166919330603,69.35775195685055,1.0452784994736182,False
p7_dataset_medium_pinn_0.01,p7_dataset_medium_pinn_0.01,sine_pulse,1899,3.002323581462195,80.9599624474321,0.930715144207939,False
p7_dataset_medium_pinn_0.01,p7_dataset_medium_pinn_0.01,square,13,4.781102615304968,57.888075102547035,1.149679842751731,False
p7_dataset_medium_pinn_0.01,p7_dataset_medium_pinn_0.01,square,39,3.8183173139917748,54.57272625003373,0.9938561094426329,False
p7_dataset_medium_pinn_0.01,p7_dataset_medium_pinn_0.01,square,57,1.9628821424650171,73.78125825318777,0.6482076884630662,False
p7_dataset_medium_pinn_0.01,p7_dataset_medium_pinn_0.01,square,112,16.63818449122703,186.3662972912047,1.8025177153262941,False
p7_dataset_medium_pinn_0.01,p7_dataset_medium_pinn_0.01,square,183,10.44432020944617,150.66269413512507,1.5953968485400982,False
p7_dataset_medium_pinn_0.01,p7_dataset_medium_pinn_0.01,square,477,5.597896056189923,70.86569092604928,1.1523115812791347,False
p7_dataset_medium_pinn_0.01,p7_dataset_medium_pinn_0.01,square,573,7.911849073759322,144.95116539340748,1.74252028719858,False
p7_dataset_medium_pinn_0.01,p7_dataset_medium_pinn_0.01,square,709,7.214196905505111,87.34703674872074,1.21414452231478,False
p7_dataset_medium_pinn_0.01,p7_dataset_medium_pinn_0.01,square,899,6.269350446815795,155.23277772694013,2.0522366817047955,True
p7_dataset_medium_pinn_0.01,p7_dataset_medium_pinn_0.01,square,957,5.511340333859429,70.83677599468528,1.1415209151757428,False
p7_dataset_medium_pinn_0.01,p7_dataset_medium_pinn_0.01,square,1110,7.9349132294074485,84.17037516212166,1.161596589304331,False
p7_dataset_medium_pinn_0.01,p7_dataset_medium_pinn_0.01,square,1118,7.329253898180634,84.54193078661405,1.216450311079245,False
p7_dataset_medium_pinn_0.01,p7_dataset_medium_pinn_0.01,square,1280,7.840241273520805,144.61974987566347,1.9873328095771967,False
p7_dataset_medium_pinn_0.01,p7_dataset_medium_pinn_0.01,square,1565,6.020122246080738,75.86138842900426,1.0547508108267296,False
p7_dataset_medium_pinn_0.01,p7_dataset_medium_pinn_0.01,square,1863,7.576793533699373,148.9789218045898,1.5466811167922667,False
p7_dataset_medium_pinn_0.01,p7_dataset_medium_pinn_0.01,square,1875,4.337556507449306,86.17769690638129,1.0006566124238323,False
p7_dataset_medium_pinn_0.01,p7_dataset_medium_pinn_0.01,square,1974,4.157599651854136,73.54866163025277,0.9348637861258063,False
p7_dataset_medium_pinn_0.01,p7_dataset_medium_pinn_0.01,triangular,136,14.60973834683862,118.53522994722346,1.1198233809737754,False
p7_dataset_medium_pinn_0.01,p7_dataset_medium_pinn_0.01,triangular,194,4.708638849767619,76.13385761657392,1.0626630715060676,False
p7_dataset_medium_pinn_0.01,p7_dataset_medium_pinn_0.01,triangular,195,5.534192863542979,140.54423936659393,1.7195910001111157,False
p7_dataset_medium_pinn_0.01,p7_dataset_medium_pinn_0.01,triangular,197,4.992356333492972,72.21791042642386,1.2321025340442717,False
p7_dataset_medium_pinn_0.01,p7_dataset_medium_pinn_0.01,triangular,217,5.035297742460373,104.23007433033386,1.1064164720836345,False
p7_dataset_medium_pinn_0.01,p7_dataset_medium_pinn_0.01,triangular,225,6.646638991088491,82.72819656253382,1.0267431067403916,False
p7_dataset_medium_pinn_0.01,p7_dataset_medium_pinn_0.01,triangular,229,2.038669382041752,79.62340315830964,0.6789620179380288,False
p7_dataset_medium_pinn_0.01,p7_dataset_medium_pinn_0.01,triangular,389,4.200733652444527,82.5409614952027,1.0036020272285053,False
p7_dataset_medium_pinn_0.01,p7_dataset_medium_pinn_0.01,triangular,464,4.8469489946159126,78.89816894533352,1.2128903441976426,False
p7_dataset_medium_pinn_0.01,p7_dataset_medium_pinn_0.01,triangular,609,4.306234752275893,77.2152991469654,1.1699797215743775,False
p7_dataset_medium_pinn_0.01,p7_dataset_medium_pinn_0.01,triangular,623,4.998679303043633,101.45932989266825,1.3310014128521528,False
p7_dataset_medium_pinn_0.01,p7_dataset_medium_pinn_0.01,triangular,770,7.518405869384768,100.02513698681939,1.6031852978147412,False
p7_dataset_medium_pinn_0.01,p7_dataset_medium_pinn_0.01,triangular,891,3.767367382755911,69.24042768347216,0.9922581447096476,False
p7_dataset_medium_pinn_0.01,p7_dataset_medium_pinn_0.01,triangular,971,4.740125099663199,119.7858593933705,1.3027209740625858,False
p7_dataset_medium_pinn_0.01,p7_dataset_medium_pinn_0.01,triangular,1047,5.886932431068123,133.85595999049707,1.2083159572138007,False
p7_dataset_medium_pinn_0.01,p7_dataset_medium_pinn_0.01,triangular,1085,5.625126273775013,101.25122906474347,1.3133303701087464,False
p7_dataset_medium_pinn_0.01,p7_dataset_medium_pinn_0.01,triangular,1178,14.677464916770626,124.27782356959813,1.199675547573829,False
p7_dataset_medium_pinn_0.01,p7_dataset_medium_pinn_0.01,triangular,1422,3.467293656086101,93.5004943682866,1.0800226985775658,False
p7_dataset_medium_pinn_0.01,p7_dataset_medium_pinn_0.01,triangular,1602,5.6914131626487325,170.31508449985955,1.495236094142205,False
p7_dataset_medium_pinn_0.01,p7_dataset_medium_pinn_0.01,triangular,1739,4.0706116670117485,68.67742931912467,1.1881065415191976,False
p7_dataset_medium_pinn_0.01,p7_dataset_medium_pinn_0.01,triangular,1797,7.068678503594145,82.86700431285335,1.2459708471378188,False
p7_dataset_medium_pinn_0.01,p7_dataset_medium_pinn_0.01,triangular,1854,13.539159020668166,145.51174052813786,1.2782230509517294,False
p7_dataset_medium_pinn_0.01,p7_dataset_medium_pinn_0.01,triangular,1877,6.101077864033757,75.77096418888917,1.0243028973091965,False
p7_dataset_medium_pinn_0.01,p7_dataset_medium_pinn_0.01,triangular,1973,4.014439789217054,64.65181531785015,1.1909064196672554,False
p7_medium,p7_dataset_medium,gaussian,49,6.956741849507235,152.1809976374185,1.3546673987035287,False
p7_medium,p7_dataset_medium,gaussian,58,6.438110948640718,175.0869955444648,2.1237019725673045,True
p7_medium,p7_dataset_medium,gaussian,179,3.8829509071344726,95.18574065424556,1.1153563996485396,False
p7_medium,p7_dataset_medium,gaussian,208,2.912358366508746,90.00516635742979,1.0713706699331689,False
p7_medium,p7_dataset_medium,gaussian,258,4.4821447818301285,106.56664340931351,1.1250757527857982,False
p7_medium,p7_dataset_medium,gaussian,322,5.034899003679956,126.46670838274696,1.148577021609964,False
p7_medium,p7_dataset_medium,gaussian,426,3.051172307454993,99.14011713348312,0.8098927330554524,False
p7_medium,p7_dataset_medium,gaussian,687,5.56440075402414,144.05003166985662,1.2828818247966454,False
p7_medium,p7_dataset_medium,gaussian,824,4.94726811568497,136.16363086106637,1.294564277166121,False
p7_medium,p7_dataset_medium,gaussian,910,3.9991126080827284,87.44775523136477,1.1005274466364685,False
p7_medium,p7_dataset_medium,gaussian,961,2.50533860676188,61.37018934231596,0.8832101310740612,False
p7_medium,p7_dataset_medium,gaussian,965,4.885468192581807,117.46716961704101,1.172140912301144,False
p7_medium,p7_dataset_medium,gaussian,1072,4.921708217270539,152.4068578208329,1.5091861873692385,False
p7_medium,p7_dataset_medium,gaussian,1082,9.036856523210146,148.32631224000446,1.4765812130085048,False
p7_medium,p7_dataset_medium,gaussian,1087,5.3838689031670075,108.35117769855268,1.2658931087553724,False
p7_medium,p7_dataset_medium,gaussian,1091,4.166306150720719,128.95029656268724,1.2631767875589166,False
p7_medium,p7_dataset_medium,gaussian,1197,4.073061805209134,103.22655527727548,1.1260924690712861,False
p7_medium,p7_dataset_medium,gaussian,1237,5.926949303572777,123.84368327195038,1.3197527801165811,False
p7_medium,p7_dataset_medium,gaussian,1395,5.436768365369737,113.60216004460494,1.2521019817757322,False
p7_medium,p7_dataset_medium,gaussian,1412,3.2870529487703153,77.70890093630481,0.8858982940841736,False
p7_medium,p7_dataset_medium,gaussian,1732,5.9212774409917355,203.98432787489102,1.7045590947972322,False
p7_medium,p7_dataset_medium,gaussian,1843,4.460373705728241,110.256595618173,1.1362158606065251,False
p7_medium,p7_dataset_medium,gaussian,1859,6.0281299891465805,163.95896073877338,1.9484299584013987,False
p7_medium,p7_dataset_medium,gaussian,1885,7.384912845174613,203.37626864790906,2.3326037117587233,True
p7_medium,p7_dataset_medium,gaussian,1887,3.638654724796012,72.82829524641028,1.015380483376907,False
p7_medium,p7_dataset_medium,gaussian,1935,7.600903414274838,143.07520378387332,1.3612192292018073,False
p7_medium,p7_dataset_medium,sawtooth,3,10.472892056004923,211.9580717135551,2.0428796106909184,True
p7_medium,p7_dataset_medium,sawtooth,104,11.705619093992295,194.47714496494913,2.334233283831212,True
p7_medium,p7_dataset_medium,sawtooth,108,7.542566359824801,146.14509142502772,1.7119782759851916,False
p7_medium,p7_dataset_medium,sawtooth,876,9.903946130735505,169.89558500699383,1.6810102918353542,False
p7_medium,p7_dataset_medium,sawtooth,944,6.047852451616113,150.04506550030416,1.4080862381446981,False
p7_medium,p7_dataset_medium,sawtooth,991,19.363958154746573,245.8652468760996,2.88207084140764,True
p7_medium,p7_dataset_medium,sawtooth,1186,16.97927249710899,361.09578815403125,3.5861918134306037,True
p7_medium,p7_dataset_medium,sawtooth,1429,8.952413720918017,211.62113289100336,2.0845526176590394,True
p7_medium,p7_dataset_medium,sawtooth,1485,10.413095494277474,176.77901147189382,2.062635054907789,True
p7_medium,p7_dataset_medium,sawtooth,1651,20.782983785728828,221.94726004809291,2.6463742879400347,True
p7_medium,p7_dataset_medium,sawtooth,1750,11.13369817218133,176.7373492021953,1.920123402639814,False
p7_medium,p7_dataset_medium,sine_pulse,189,2.6347758224028257,83.85499594794823,0.5675412216735884,False
p7_medium,p7_dataset_medium,sine_pulse,196,9.689020000428236,293.9242069452337,3.1593348845813227,True
p7_medium,p7_dataset_medium,sine_pulse,447,10.798315627069021,219.82279930710055,2.8866243571712165,True
p7_medium,p7_dataset_medium,sine_pulse,605,12.262205111110745,266.4273862606934,2.7028336893219818,True
p7_medium,p7_dataset_medium,sine_pulse,698,10.196739420550568,172.51909873021407,1.812719252908587,False
p7_medium,p7_dataset_medium,sine_pulse,711,5.509712825816203,158.5258860066143,1.945822999743795,False
p7_medium,p7_dataset_medium,sine_pulse,745,11.42224055385875,253.40964173295492,3.055722328890795,True
p7_medium,p7_dataset_medium,sine_pulse,815,9.817111346792734,173.4053310293709,2.303628593898245,True
p7_medium,p7_dataset_medium,sine_pulse,860,4.239973437298553,75.67621776296761,0.9161971154287237,False
p7_medium,p7_dataset_medium,sine_pulse,871,9.502748310054772,183.30604624213802,2.2666207743943967,True
p7_medium,p7_dataset_medium,sine_pulse,1030,11.289128039170015,209.90735233897212,2.4536102844277017,True
p7_medium,p7_dataset_medium,sine_pulse,1192,12.634201813258198,303.73114811874404,3.5329372581253184,True
p7_medium,p7_dataset_medium,sine_pulse,1281,8.197765290541163,243.38272907082185,2.709903768936261,True
p7_medium,p7_dataset_medium,sine_pulse,1334,9.65265581580436,226.5530643625741,2.9231846466490086,True
p7_medium,p7_dataset_medium,sine_pulse,1413,4.160290704732192,74.1703786718221,0.9621282007739469,False
p7_medium,p7_dataset_medium,sine_pulse,1499,12.011741006399129,169.90663264920025,1.6224932371894656,False
p7_medium,p7_dataset_medium,sine_pulse,1629,15.415449446883922,325.654348491865,3.337911024799227,True
p7_medium,p7_dataset_medium,sine_pulse,1640,10.672244681820873,238.98306746826307,2.7244087270038304,True
p7_medium,p7_dataset_medium,sine_pulse,1728,9.133283046094814,183.06363308502108,2.4653336783793725,True
p7_medium,p7_dataset_medium,sine_pulse,1813,8.910892882125555,208.52100798710023,2.7550665629936475,True
p7_medium,p7_dataset_medium,sine_pulse,1899,5.238274260535423,91.68241250080727,1.0038488058017483,False
p7_medium,p7_dataset_medium,square,13,8.497486815381201,235.3078686715252,2.809717362734891,True
p7_medium,p7_dataset_medium,square,39,5.709273559275303,177.42997674968308,1.6914758375202437,False
p7_medium,p7_dataset_medium,square,57,3.66788541830494,101.64666542599484,0.914617728239457,False
p7_medium,p7_dataset_medium,square,112,7.137119689604228,184.5411410458286,2.1101206831061003,True
p7_medium,p7_dataset_medium,square,183,8.94130522274181,152.86461448301293,1.8006527852192948,False
p7_medium,p7_dataset_medium,square,477,8.47792459157655,225.29194995190304,2.6555892629701674,True
p7_medium,p7_dataset_medium,square,573,15.818557771573534,343.44133988463864,2.987366723901568,True
p7_medium,p7_dataset_medium,square,709,7.886639970791908,185.48054257763857,2.2730413863927956,True
p7_medium,p7_dataset_medium,square,899,11.627516330955663,225.0980705288124,2.1402612599594186,True
p7_medium,p7_dataset_medium,square,957,8.740970934184302,269.00612498031944,3.117718665637516,True
p7_medium,p7_dataset_medium,square,1110,8.102665641129654,203.2769177962176,2.5111992962259757,True
p7_medium,p7_dataset_medium,square,1118,8.25610645033987,224.75098252247216,2.6052255256549874,True
p7_medium,p7_dataset_medium,square,1280,8.859977040772,144.41305234679942,1.458071623742742,False
p7_medium,p7_dataset_medium,square,1565,4.841627901914614,79.25189256924625,1.2119529026935367,False
p7_medium,p7_dataset_medium,square,1863,7.445302602636833,217.98074803984827,2.1523070344604562,True
p7_medium,p7_dataset_medium,square,1875,7.781913982765183,170.2199140777387,1.7565460143136615,False
p7_medium,p7_dataset_medium,square,1974,7.048924447259133,129.53833942284894,1.5523782575355678,False
p7_medium,p7_dataset_medium,triangular,136,12.48163812602376,262.81936680790966,2.7853455959146416,True
p7_medium,p7_dataset_medium,triangular,194,8.122660216825453,142.6875996695594,1.7561121459013669,False
p7_medium,p7_dataset_medium,triangular,195,8.123036268597083,178.40140147476376,1.9029910894764093,False
p7_medium,p7_dataset_medium,triangular,197,8.724608110431465,190.26159830223511,2.576519092895143,True
p7_medium,p7_dataset_medium,triangular,217,9.68497193335776,190.25468472617774,1.9052226406606865,False
p7_medium,p7_dataset_medium,triangular,225,10.820357984496711,274.9821280624632,3.0702955003120014,True
p7_medium,p7_dataset_medium,triangular,229,2.7494634514548384,67.86418357797739,0.6795697339843767,False
p7_medium,p7_dataset_medium,triangular,389,6.219602976322365,145.29507479073234,1.7165360692207288,False
p7_medium,p7_dataset_medium,triangular,464,9.500849899618705,195.74993693885264,2.4913171472083926,True
p7_medium,p7_dataset_medium,triangular,609,8.420168192251378,250.57175994092614,2.7547715521973655,True
p7_medium,p7_dataset_medium,triangular,623,10.301781975798828,226.14472514448175,2.41388736957763,True
p7_medium,p7_dataset_medium,triangular,770,9.124302318498716,216.23930671686148,2.7073515561714068,True
p7_medium,p7_dataset_medium,triangular,891,6.810856231466434,205.14416553646336,2.778515310756358,True
p7_medium,p7_dataset_medium,triangular,971,8.791142963736686,180.8905006023008,2.35909843610177,True
p7_medium,p7_dataset_medium,triangular,1047,11.895534704066998,204.09169575819809,1.9345044478730127,False
p7_medium,p7_dataset_medium,triangular,1085,9.85824287766023,208.75985060159945,2.6271330602577208,True
p7_medium,p7_dataset_medium,triangular,1178,12.978301745375179,386.29414192683674,4.073747318449196,True
p7_medium,p7_dataset_medium,triangular,1422,5.9773421312228185,159.92216441773854,1.4951859611510498,False
p7_medium,p7_dataset_medium,triangular,1602,13.589035824875289,141.24261703183936,1.6166395767456814,False
p7_medium,p7_dataset_medium,triangular,1739,9.337577788150291,188.07646150461576,2.54405309022971,True
p7_medium,p7_dataset_medium,triangular,1797,9.714752168259364,198.6950648116952,2.5627362230230837,True
p7_medium,p7_dataset_medium,triangular,1854,12.010394589685289,313.8446313521846,3.1286955257191327,True
p7_medium,p7_dataset_medium,triangular,1877,8.343700149553408,194.26236693545408,2.70108846608353,True
p7_medium,p7_dataset_medium,triangular,1973,9.627553338747617,229.8413905875641,2.6266148932289757,True
p7_medium_arch_256_128_32_pinn_0.01,p7_dataset_medium_arch_256_128_32_pinn_0.01,gaussian,49,11.066688035875899,204.56276138927714,2.149460427466876,True
p7_medium_arch_256_128_32_pinn_0.01,p7_dataset_medium_arch_256_128_32_pinn_0.01,gaussian,58,7.858019718321782,243.39982218848067,2.9765187213342412,True
p7_medium_arch_256_128_32_pinn_0.01,p7_dataset_medium_arch_256_128_32_pinn_0.01,gaussian,179,6.328071120188605,103.67206546595355,1.5387882894922753,False
p7_medium_arch_256_128_32_pinn_0.01,p7_dataset_medium_arch_256_128_32_pinn_0.01,gaussian,208,6.762894277016194,169.97736746347704,1.631033739844721,False
p7_medium_arch_256_128_32_pinn_0.01,p7_dataset_medium_arch_256_128_32_pinn_0.01,gaussian,258,7.43815690930113,111.63824388865903,1.5033273914308671,False
p7_medium_arch_256_128_32_pinn_0.01,p7_dataset_medium_arch_256_128_32_pinn_0.01,gaussian,322,6.626202224480331,105.15388010317622,1.3906153116427586,False
p7_medium_arch_256_128_32_pinn_0.01,p7_dataset_medium_arch_256_128_32_pinn_0.01,gaussian,426,4.5954977035460844,109.2647252210719,1.0912860339108608,False
p7_medium_arch_256_128_32_pinn_0.01,p7_dataset_medium_arch_256_128_32_pinn_0.01,gaussian,687,8.80672203480792,149.20655852373076,1.8293654555891312,False
p7_medium_arch_256_128_32_pinn_0.01,p7_dataset_medium_arch_256_128_32_pinn_0.01,gaussian,824,7.423669206914374,113.17232220642266,1.6634168082811025,False
p7_medium_arch_256_128_32_pinn_0.01,p7_dataset_medium_arch_256_128_32_pinn_0.01,gaussian,910,11.522982855792709,192.54047271074174,2.127531796036156,True
p7_medium_arch_256_128_32_pinn_0.01,p7_dataset_medium_arch_256_128_32_pinn_0.01,gaussian,961,5.206409220278439,122.31281795361086,1.3646785890724593,False
p7_medium_arch_256_128_32_pinn_0.01,p7_dataset_medium_arch_256_128_32_pinn_0.01,gaussian,965,7.3865495613626,113.62025935617964,1.5605120607029843,False
p7_medium_arch_256_128_32_pinn_0.01,p7_dataset_medium_arch_256_128_32_pinn_0.01,gaussian,1072,14.831542152738626,188.0163548744891,1.9857053320214157,False
p7_medium_arch_256_128_32_pinn_0.01,p7_dataset_medium_arch_256_128_32_pinn_0.01,gaussian,1082,14.59812745095121,323.9499719992533,3.390357622900316,True
p7_medium_arch_256_128_32_pinn_0.01,p7_dataset_medium_arch_256_128_32_pinn_0.01,gaussian,1087,12.097495174190163,171.74387863900932,2.0538877173239776,True
p7_medium_arch_256_128_32_pinn_0.01,p7_dataset_medium_arch_256_128_32_pinn_0.01,gaussian,1091,7.408319249104978,400.126690600342,4.080111879589135,True
p7_medium_arch_256_128_32_pinn_0.01,p7_dataset_medium_arch_256_128_32_pinn_0.01,gaussian,1197,6.537991197189367,99.82092934292628,1.3368967600260935,False
p7_medium_arch_256_128_32_pinn_0.01,p7_dataset_medium_arch_256_128_32_pinn_0.01,gaussian,1237,9.774673871758376,150.5423860261493,1.8298856500167202,False
p7_medium_arch_256_128_32_pinn_0.01,p7_dataset_medium_arch_256_128_32_pinn_0.01,gaussian,1395,5.29246510026039,106.38977409603523,1.3937784746890487,False
p7_medium_arch_256_128_32_pinn_0.01,p7_dataset_medium_arch_256_128_32_pinn_0.01,gaussian,1412,6.016000735885016,123.89737719717753,1.2831324403118751,False
p7_medium_arch_256_128_32_pinn_0.01,p7_dataset_medium_arch_256_128_32_pinn_0.01,gaussian,1732,13.02788118733873,173.4631117010128,1.9471100289513101,False
p7_medium_arch_256_128_32_pinn_0.01,p7_dataset_medium_arch_256_128_32_pinn_0.01,gaussian,1843,7.712047324242657,133.02590749992453,1.6074582337516345,False
p7_medium_arch_256_128_32_pinn_0.01,p7_dataset_medium_arch_256_128_32_pinn_0.01,gaussian,1859,7.382074401487622,243.0463844777579,2.9720681876271016,True
p7_medium_arch_256_128_32_pinn_0.01,p7_dataset_medium_arch_256_128_32_pinn_0.01,gaussian,1885,10.048258007264234,289.6057368972715,3.430154512509911,True
p7_medium_arch_256_128_32_pinn_0.01,p7_dataset_medium_arch_256_128_32_pinn_0.01,gaussian,1887,7.769258532475703,131.0045206847015,1.5185937436425987,False
p7_medium_arch_256_128_32_pinn_0.01,p7_dataset_medium_arch_256_128_32_pinn_0.01,gaussian,1935,16.188754155680325,358.7995921001208,3.74677500990748,True
p7_medium_arch_256_128_32_pinn_0.01,p7_dataset_medium_arch_256_128_32_pinn_0.01,sawtooth,3,12.81900865460444,217.32985569225838,2.243624960557859,True
p7_medium_arch_256_128_32_pinn_0.01,p7_dataset_medium_arch_256_128_32_pinn_0.01,sawtooth,104,11.728124461418949,268.2943978587889,3.0857943707783724,True
p7_medium_arch_256_128_32_pinn_0.01,p7_dataset_medium_arch_256_128_32_pinn_0.01,sawtooth,108,13.804769360199307,194.40639169805445,2.231493344805646,True
p7_medium_arch_256_128_32_pinn_0.01,p7_dataset_medium_arch_256_128_32_pinn_0.01,sawtooth,876,11.092450543694245,175.30125577599563,1.8845868865114486,False
p7_medium_arch_256_128_32_pinn_0.01,p7_dataset_medium_arch_256_128_32_pinn_0.01,sawtooth,944,11.719076473280547,134.3085675554398,1.535868650630527,False
p7_medium_arch_256_128_32_pinn_0.01,p7_dataset_medium_arch_256_128_32_pinn_0.01,sawtooth,991,12.042321987327345,228.91854329715488,2.699736004981084,True
p7_medium_arch_256_128_32_pinn_0.01,p7_dataset_medium_arch_256_128_32_pinn_0.01,sawtooth,1186,13.42130488476751,247.84565970066444,2.5554981134513373,True
p7_medium_arch_256_128_32_pinn_0.01,p7_dataset_medium_arch_256_128_32_pinn_0.01,sawtooth,1429,15.429208315361816,240.04276984900002,2.6322806437882265,True
p7_medium_arch_256_128_32_pinn_0.01,p7_dataset_medium_arch_256_128_32_pinn_0.01,sawtooth,1485,10.145254069878249,192.0607846628627,2.3107515562351857,True
p7_medium_arch_256_128_32_pinn_0.01,p7_dataset_medium_arch_256_128_32_pinn_0.01,sawtooth,1651,12.505784372128941,301.1290981713121,3.4348612088736776,True
p7_medium_arch_256_128_32_pinn_0.01,p7_dataset_medium_arch_256_128_32_pinn_0.01,sawtooth,1750,10.787734927591252,232.83521619420065,2.7749777189678113,True
p7_medium_arch_256_128_32_pinn_0.01,p7_dataset_medium_arch_256_128_32_pinn_0.01,sine_pulse,189,2.5727360673264528,95.48092165191358,0.5119026655715698,False
p7_medium_arch_256_128_32_pinn_0.01,p7_dataset_medium_arch_256_128_32_pinn_0.01,sine_pulse,196,9.765281307906346,275.5976522777827,3.3282459232353383,True
p7_medium_arch_256_128_32_pinn_0.01,p7_dataset_medium_arch_256_128_32_pinn_0.01,sine_pulse,447,11.542606164419492,230.86189997354967,3.15956422655404,True
p7_medium_arch_256_128_32_pinn_0.01,p7_dataset_medium_arch_256_128_32_pinn_0.01,sine_pulse,605,11.257624002181865,367.55873812697035,4.236883781392203,True
p7_medium_arch_256_128_32_pinn_0.01,p7_dataset_medium_arch_256_128_32_pinn_0.01,sine_pulse,698,11.761450624093277,274.534268688985,2.6902568833855063,True
p7_medium_arch_256_128_32_pinn_0.01,p7_dataset_medium_arch_256_128_32_pinn_0.01,sine_pulse,711,12.27512235296294,196.13397055626314,2.070996014497992,True
p7_medium_arch_256_128_32_pinn_0.01,p7_dataset_medium_arch_256_128_32_pinn_0.01,sine_pulse,745,18.7213109967351,350.91427970651813,4.0567096965572205,True
p7_medium_arch_256_128_32_pinn_0.01,p7_dataset_medium_arch_256_128_32_pinn_0.01,sine_pulse,815,8.487498006208083,158.6436969779936,2.0709508445934297,True
p7_medium_arch_256_128_32_pinn_0.01,p7_dataset_medium_arch_256_128_32_pinn_0.01,sine_pulse,860,5.015259987691633,102.62737035050115,1.0211671074468758,False
p7_medium_arch_256_128_32_pinn_0.01,p7_dataset_medium_arch_256_128_32_pinn_0.01,sine_pulse,871,8.22136691762718,156.12448214119664,2.038509754697199,True
p7_medium_arch_256_128_32_pinn_0.01,p7_dataset_medium_arch_256_128_32_pinn_0.01,sine_pulse,1030,33.381331550823916,366.7211745643999,3.918335371631799,True
p7_medium_arch_256_128_32_pinn_0.01,p7_dataset_medium_arch_256_128_32_pinn_0.01,sine_pulse,1192,14.271245027149638,279.13955344822335,3.6590135388667786,True
p7_medium_arch_256_128_32_pinn_0.01,p7_dataset_medium_arch_256_128_32_pinn_0.01,sine_pulse,1281,16.032557143847615,359.7191354435708,4.025573540306278,True
p7_medium_arch_256_128_32_pinn_0.01,p7_dataset_medium_arch_256_128_32_pinn_0.01,sine_pulse,1334,9.489036563276125,171.34213716622156,2.4061237636385595,True
p7_medium_arch_256_128_32_pinn_0.01,p7_dataset_medium_arch_256_128_32_pinn_0.01,sine_pulse,1413,6.5550559075497885,106.04914576209805,1.0860059845525931,False
p7_medium_arch_256_128_32_pinn_0.01,p7_dataset_medium_arch_256_128_32_pinn_0.01,sine_pulse,1499,26.64163474962686,281.6026211071492,3.1695354898182546,True
p7_medium_arch_256_128_32_pinn_0.01,p7_dataset_medium_arch_256_128_32_pinn_0.01,sine_pulse,1629,13.984255687291013,355.76785293286,4.398185849760958,True
p7_medium_arch_256_128_32_pinn_0.01,p7_dataset_medium_arch_256_128_32_pinn_0.01,sine_pulse,1640,25.768624931401472,312.53767153263726,3.616681273174135,True
p7_medium_arch_256_128_32_pinn_0.01,p7_dataset_medium_arch_256_128_32_pinn_0.01,sine_pulse,1728,12.872533524433527,225.23224092524754,2.4641017641112226,True
p7_medium_arch_256_128_32_pinn_0.01,p7_dataset_medium_arch_256_128_32_pinn_0.01,sine_pulse,1813,10.249190345403857,198.05971692140093,2.7831854628521855,True
p7_medium_arch_256_128_32_pinn_0.01,p7_dataset_medium_arch_256_128_32_pinn_0.01,sine_pulse,1899,9.567317121178737,217.49136214959483,2.1370576128951377,True
p7_medium_arch_256_128_32_pinn_0.01,p7_dataset_medium_arch_256_128_32_pinn_0.01,square,13,8.467619635837131,172.85969688177366,2.045349541738492,True
p7_medium_arch_256_128_32_pinn_0.01,p7_dataset_medium_arch_256_128_32_pinn_0.01,square,39,9.898006141452054,238.24402395975883,2.7080758680177928,True
p7_medium_arch_256_128_32_pinn_0.01,p7_dataset_medium_arch_256_128_32_pinn_0.01,square,57,8.136820737476244,266.86096322199364,2.7504332671877205,True
p7_medium_arch_256_128_32_pinn_0.01,p7_dataset_medium_arch_256_128_32_pinn_0.01,square,112,14.457907494421141,344.33358122676316,3.6615983903442113,True
p7_medium_arch_256_128_32_pinn_0.01,p7_dataset_medium_arch_256_128_32_pinn_0.01,square,183,12.428557380408233,203.02846548406114,2.238275098399073,True
p7_medium_arch_256_128_32_pinn_0.01,p7_dataset_medium_arch_256_128_32_pinn_0.01,square,477,7.864530305847668,177.2262471922739,2.2342069773993525,True
p7_medium_arch_256_128_32_pinn_0.01,p7_dataset_medium_arch_256_128_32_pinn_0.01,square,573,20.10561681820045,333.35088334555456,3.790812908119558,True
p7_medium_arch_256_128_32_pinn_0.01,p7_dataset_medium_arch_256_128_32_pinn_0.01,square,709,8.79444843764967,186.84113856470876,2.2787197854319237,True
p7_medium_arch_256_128_32_pinn_0.01,p7_dataset_medium_arch_256_128_32_pinn_0.01,square,899,11.990116572880044,268.9633583843192,2.894033658603973,True
p7_medium_arch_256_128_32_pinn_0.01,p7_dataset_medium_arch_256_128_32_pinn_0.01,square,957,7.887293641924818,164.18787369100147,1.9587983518234777,False
p7_medium_arch_256_128_32_pinn_0.01,p7_dataset_medium_arch_256_128_32_pinn_0.01,square,1110,8.861133847482023,192.2368428422037,2.317544223908314,True
p7_medium_arch_256_128_32_pinn_0.01,p7_dataset_medium_arch_256_128_32_pinn_0.01,square,1118,8.949540272145157,216.37581883092807,2.704477009715235,True
p7_medium_arch_256_128_32_pinn_0.01,p7_dataset_medium_arch_256_128_32_pinn_0.01,square,1280,8.18638778091286,135.70329888775223,1.591155478965297,False
p7_medium_arch_256_128_32_pinn_0.01,p7_dataset_medium_arch_256_128_32_pinn_0.01,square,1565,7.540839567917596,134.93581461891037,1.9027173525669672,False
p7_medium_arch_256_128_32_pinn_0.01,p7_dataset_medium_arch_256_128_32_pinn_0.01,square,1863,8.830223001432742,124.23578784872404,1.5665340548400097,False
p7_medium_arch_256_128_32_pinn_0.01,p7_dataset_medium_arch_256_128_32_pinn_0.01,square,1875,13.356344627268482,194.2182995277945,2.199729757148377,True
p7_medium_arch_256_128_32_pinn_0.01,p7_dataset_medium_arch_256_128_32_pinn_0.01,square,1974,11.401825743013159,196.92635038317476,2.2219297512747755,True
p7_medium_arch_256_128_32_pinn_0.01,p7_dataset_medium_arch_256_128_32_pinn_0.01,triangular,136,14.372929629650624,219.20994794802542,2.4608618622696588,True
p7_medium_arch_256_128_32_pinn_0.01,p7_dataset_medium_arch_256_128_32_pinn_0.01,triangular,194,12.085972190086611,251.7857471574263,2.8403814397049256,True
p7_medium_arch_256_128_32_pinn_0.01,p7_dataset_medium_arch_256_128_32_pinn_0.01,triangular,195,13.921476749656605,283.28230685393976,3.2230901005477763,True
p7_medium_arch_256_128_32_pinn_0.01,p7_dataset_medium_arch_256_128_32_pinn_0.01,triangular,197,12.435664160976161,287.0585154790125,3.3648989892339705,True
p7_medium_arch_256_128_32_pinn_0.01,p7_dataset_medium_arch_256_128_32_pinn_0.01,triangular,217,32.285389145253255,410.1514721436816,4.160495112445915,True
p7_medium_arch_256_128_32_pinn_0.01,p7_dataset_medium_arch_256_128_32_pinn_0.01,triangular,225,15.065802481851305,290.9885715944441,3.177632172309533,True
p7_medium_arch_256_128_32_pinn_0.01,p7_dataset_medium_arch_256_128_32_pinn_0.01,triangular,229,2.4755304735326105,92.91862838698357,0.6225475731595708,False
p7_medium_arch_256_128_32_pinn_0.01,p7_dataset_medium_arch_256_128_32_pinn_0.01,triangular,389,10.960528280194223,206.82626402429128,2.2288960933359685,True
p7_medium_arch_256_128_32_pinn_0.01,p7_dataset_medium_arch_256_128_32_pinn_0.01,triangular,464,15.071904773793422,474.59841025645443,5.258572657203047,True
p7_medium_arch_256_128_32_pinn_0.01,p7_dataset_medium_arch_256_128_32_pinn_0.01,triangular,609,11.798168614305302,267.57854939997543,3.0925835138349207,True
p7_medium_arch_256_128_32_pinn_0.01,p7_dataset_medium_arch_256_128_32_pinn_0.01,triangular,623,15.335481709976083,386.10723387783855,4.5063702835350625,True
p7_medium_arch_256_128_32_pinn_0.01,p7_dataset_medium_arch_256_128_32_pinn_0.01,triangular,770,22.55033516931196,319.17617042925855,3.7432631289522544,True
p7_medium_arch_256_128_32_pinn_0.01,p7_dataset_medium_arch_256_128_32_pinn_0.01,triangular,891,8.966472527668442,189.5477085233813,2.5213655983344605,True
p7_medium_arch_256_128_32_pinn_0.01,p7_dataset_medium_arch_256_128_32_pinn_0.01,triangular,971,22.264937817504396,360.0969269753797,4.31850783796155,True
p7_medium_arch_256_128_32_pinn_0.01,p7_dataset_medium_arch_256_128_32_pinn_0.01,triangular,1047,27.012768492882135,426.92465475125255,4.837423910228338,True
p7_medium_arch_256_128_32_pinn_0.01,p7_dataset_medium_arch_256_128_32_pinn_0.01,triangular,1085,14.408063462892096,396.0492733365161,4.479452132698585,True
p7_medium_arch_256_128_32_pinn_0.01,p7_dataset_medium_arch_256_128_32_pinn_0.01,triangular,1178,21.808875812443237,325.8990044722956,4.078470290999437,True
p7_medium_arch_256_128_32_pinn_0.01,p7_dataset_medium_arch_256_128_32_pinn_0.01,triangular,1422,18.868098040001847,400.2127258794044,4.009503445448143,True
p7_medium_arch_256_128_32_pinn_0.01,p7_dataset_medium_arch_256_128_32_pinn_0.01,triangular,1602,30.799237357086408,250.76275560329046,2.4804545861532223,True
p7_medium_arch_256_128_32_pinn_0.01,p7_dataset_medium_arch_256_128_32_pinn_0.01,triangular,1739,10.082453447255578,197.62260811903917,2.549769787040718,True
p7_medium_arch_256_128_32_pinn_0.01,p7_dataset_medium_arch_256_128_32_pinn_0.01,triangular,1797,15.188521771423998,255.53738307317704,3.313626930876739,True
p7_medium_arch_256_128_32_pinn_0.01,p7_dataset_medium_arch_256_128_32_pinn_0.01,triangular,1854,17.270772863241255,351.23559384039487,4.284745262039105,True
p7_medium_arch_256_128_32_pinn_0.01,p7_dataset_medium_arch_256_128_32_pinn_0.01,triangular,1877,11.300073872524658,216.6085106838118,3.02498059047518,True
p7_medium_arch_256_128_32_pinn_0.01,p7_dataset_medium_arch_256_128_32_pinn_0.01,triangular,1973,12.549317979526526,262.17252027628433,3.432481025326065,True
p7_medium_ut,p7_dataset_medium_ut,gaussian,49,4.763681530126777,91.5748519659999,0.8771699158962762,False
p7_medium_ut,p7_dataset_medium_ut,gaussian,58,5.789584184019552,96.9412497997894,1.1293194532529685,False
p7_medium_ut,p7_dataset_medium_ut,gaussian,179,3.0046148304539435,51.14623615464619,0.7609837382057819,False
p7_medium_ut,p7_dataset_medium_ut,gaussian,208,1.625530956712842,64.41877037810963,0.9094013294183344,False
p7_medium_ut,p7_dataset_medium_ut,gaussian,258,3.4655481160064943,64.84351110603319,0.7607129414044114,False
p7_medium_ut,p7_dataset_medium_ut,gaussian,322,3.282004950609661,57.381467613729455,0.7573682996727673,False
p7_medium_ut,p7_dataset_medium_ut,gaussian,426,1.8893591884169112,60.06841962926993,0.767478902974386,False
p7_medium_ut,p7_dataset_medium_ut,gaussian,687,3.890788709193337,64.78747199080338,0.8080020447982428,False
p7_medium_ut,p7_dataset_medium_ut,gaussian,824,3.423617892724999,63.32689547873541,0.7753105456929961,False
p7_medium_ut,p7_dataset_medium_ut,gaussian,910,3.3226716894113677,98.59609443194185,0.7828144652709681,False
p7_medium_ut,p7_dataset_medium_ut,gaussian,961,2.1697933795853346,75.35136843633668,0.8168756894712829,False
p7_medium_ut,p7_dataset_medium_ut,gaussian,965,3.261507976340666,47.04731983620881,0.7894753214009836,False
p7_medium_ut,p7_dataset_medium_ut,gaussian,1072,2.9057492315873015,62.10956506602423,0.7814433318620262,False
p7_medium_ut,p7_dataset_medium_ut,gaussian,1082,3.9191712664856078,72.95126452676045,0.8999712125960413,False
p7_medium_ut,p7_dataset_medium_ut,gaussian,1087,3.720369836043628,60.418795627987684,0.8939445543114902,False
p7_medium_ut,p7_dataset_medium_ut,gaussian,1091,2.6305280034171594,80.85147540377959,0.8157774110078441,False
p7_medium_ut,p7_dataset_medium_ut,gaussian,1197,3.293200904808039,67.01021311172552,0.7556602918947445,False
p7_medium_ut,p7_dataset_medium_ut,gaussian,1237,4.27652068275019,59.81750330854738,0.846032780593489,False
p7_medium_ut,p7_dataset_medium_ut,gaussian,1395,6.130935122344258,203.3508946779098,2.460440764050353,True
p7_medium_ut,p7_dataset_medium_ut,gaussian,1412,2.62763813788429,65.5850406502858,0.7713894265027108,False
p7_medium_ut,p7_dataset_medium_ut,gaussian,1732,2.9871984477033817,56.60593490913174,0.7969289591046963,False
p7_medium_ut,p7_dataset_medium_ut,gaussian,1843,3.0121446728533128,54.027097447998806,0.767243359865227,False
p7_medium_ut,p7_dataset_medium_ut,gaussian,1859,4.5580348295679745,52.18876985935005,0.950788539826123,False
p7_medium_ut,p7_dataset_medium_ut,gaussian,1885,4.263645151037751,65.13239532527099,1.0730878176546064,False
p7_medium_ut,p7_dataset_medium_ut,gaussian,1887,2.8916874828435843,53.693848278227904,0.7638939961345903,False
p7_medium_ut,p7_dataset_medium_ut,gaussian,1935,4.335650380278092,83.17217142724485,0.8838887833901942,False
p7_medium_ut,p7_dataset_medium_ut,sawtooth,3,6.623852446893935,72.0214282476199,0.9674950750623781,False
p7_medium_ut,p7_dataset_medium_ut,sawtooth,104,9.5338379273609,110.9351955501107,1.1732272168491447,False
p7_medium_ut,p7_dataset_medium_ut,sawtooth,108,6.056651683362819,87.56216593152587,0.8435432835961137,False
p7_medium_ut,p7_dataset_medium_ut,sawtooth,876,6.739707022965113,115.32835927318122,1.4796167980239376,False
p7_medium_ut,p7_dataset_medium_ut,sawtooth,944,3.8407726001040903,57.87279003995512,0.7764706357001425,False
p7_medium_ut,p7_dataset_medium_ut,sawtooth,991,9.529439220467653,118.0103065184023,1.197115670961422,False
p7_medium_ut,p7_dataset_medium_ut,sawtooth,1186,9.72874810809162,108.04644695325592,1.356702373657067,False
p7_medium_ut,p7_dataset_medium_ut,sawtooth,1429,6.385142582872576,83.79531846254336,0.858541405176102,False
p7_medium_ut,p7_dataset_medium_ut,sawtooth,1485,9.749378216152277,104.36574636207376,1.1156281400965102,False
p7_medium_ut,p7_dataset_medium_ut,sawtooth,1651,8.716490667441422,111.00009164849347,1.244879328231567,False
p7_medium_ut,p7_dataset_medium_ut,sawtooth,1750,6.762219552020405,95.76922084575776,1.090752910909044,False
p7_medium_ut,p7_dataset_medium_ut,sine_pulse,189,2.4671273505002342,79.45665633435266,0.6733302215828584,False
p7_medium_ut,p7_dataset_medium_ut,sine_pulse,196,5.582921974145009,87.09118537085861,1.2253717150791064,False
p7_medium_ut,p7_dataset_medium_ut,sine_pulse,447,4.1995970603128425,74.87411240896307,0.9471659209217749,False
p7_medium_ut,p7_dataset_medium_ut,sine_pulse,605,4.761896647431789,86.94725848509559,1.2974152523719142,False
p7_medium_ut,p7_dataset_medium_ut,sine_pulse,698,4.298547545102831,110.1707430338169,0.9871352084673651,False
p7_medium_ut,p7_dataset_medium_ut,sine_pulse,711,4.939879926660513,61.37296372870784,1.1076377398599861,False
p7_medium_ut,p7_dataset_medium_ut,sine_pulse,745,5.661177153667874,97.70140996861186,1.0995887563898046,False
p7_medium_ut,p7_dataset_medium_ut,sine_pulse,815,5.731487634985789,89.1632732168096,1.1674996600238587,False
p7_medium_ut,p7_dataset_medium_ut,sine_pulse,860,3.248022932360961,75.6890681518473,1.0648304231538295,False
p7_medium_ut,p7_dataset_medium_ut,sine_pulse,871,5.549508720978716,85.45404219454014,1.1734084745038573,False
p7_medium_ut,p7_dataset_medium_ut,sine_pulse,1030,6.179977419095053,81.87245204480814,1.0829463982024612,False
p7_medium_ut,p7_dataset_medium_ut,sine_pulse,1192,4.374373025690668,80.55296592492738,1.0586786020528571,False
p7_medium_ut,p7_dataset_medium_ut,sine_pulse,1281,6.120576227646218,99.81737279969778,1.2490296096000681,False
p7_medium_ut,p7_dataset_medium_ut,sine_pulse,1334,4.530550317841629,87.53174654493887,1.1056451812964099,False
p7_medium_ut,p7_dataset_medium_ut,sine_pulse,1413,3.53830133647951,59.68702717822895,0.987748581225009,False
p7_medium_ut,p7_dataset_medium_ut,sine_pulse,1499,5.929142675723521,112.70151820278805,1.1323330363228614,False
p7_medium_ut,p7_dataset_medium_ut,sine_pulse,1629,4.5118163762921135,91.93290116656419,1.2861575258856894,False
p7_medium_ut,p7_dataset_medium_ut,sine_pulse,1640,6.963337060928567,116.09829374443176,1.1506997140562785,False
p7_medium_ut,p7_dataset_medium_ut,sine_pulse,1728,4.043861547887681,81.51612766254584,1.0003159060830438,False
p7_medium_ut,p7_dataset_medium_ut,sine_pulse,1813,3.7085133601734377,72.69632982402521,0.9704849378473491,False
p7_medium_ut,p7_dataset_medium_ut,sine_pulse,1899,3.8403457300811836,96.28802743597828,0.918989048592301,False
p7_medium_ut,p7_dataset_medium_ut,square,13,7.819371433610395,72.47966837910259,0.9535768434287405,False
p7_medium_ut,p7_dataset_medium_ut,square,39,4.925291673453835,75.06048301224746,0.9775505688703259,False
p7_medium_ut,p7_dataset_medium_ut,square,57,2.1829641910742,64.57988068354517,0.780392948179625,False
p7_medium_ut,p7_dataset_medium_ut,square,112,5.610591927929324,97.7104857914813,1.3848483042270232,False
p7_medium_ut,p7_dataset_medium_ut,square,183,7.380526012142669,99.30472145683711,1.2899527486270843,False
p7_medium_ut,p7_dataset_medium_ut,square,477,7.529670324836733,70.16250101716997,0.9613897532123948,False
p7_medium_ut,p7_dataset_medium_ut,square,573,6.394706861936085,122.45389912938634,1.4631688647656729,False
p7_medium_ut,p7_dataset_medium_ut,square,709,7.502824076232384,78.02049789431817,0.9746499022775518,False
p7_medium_ut,p7_dataset_medium_ut,square,899,7.682230435151794,124.30619274361115,1.6622951395010508,False
p7_medium_ut,p7_dataset_medium_ut,square,957,7.709889059133901,70.83398807260886,0.9542740074267786,False
p7_medium_ut,p7_dataset_medium_ut,square,1110,7.572093506692494,77.02109001762635,0.943106599041632,False
p7_medium_ut,p7_dataset_medium_ut,square,1118,7.470810229557897,84.63939130044422,0.9868813243369673,False
p7_medium_ut,p7_dataset_medium_ut,square,1280,8.95256691141283,163.64317891051365,1.8021787497586215,False
p7_medium_ut,p7_dataset_medium_ut,square,1565,6.138459841082656,87.3027799224833,1.0014735087254303,False
p7_medium_ut,p7_dataset_medium_ut,square,1863,7.3029333840519595,123.25382589836504,1.4561128428192902,False
p7_medium_ut,p7_dataset_medium_ut,square,1875,5.177761930869346,74.70766501110543,0.9365727939700444,False
p7_medium_ut,p7_dataset_medium_ut,square,1974,4.736909088637836,79.53984647338142,0.8259423678663362,False
p7_medium_ut,p7_dataset_medium_ut,triangular,136,4.297375770796165,71.87677678163679,1.0357187072222043,False
p7_medium_ut,p7_dataset_medium_ut,triangular,194,4.313485155094401,69.50896661411373,1.0435316137469863,False
p7_medium_ut,p7_dataset_medium_ut,triangular,195,5.42108961825889,160.1767636051567,1.8747845658099735,False
p7_medium_ut,p7_dataset_medium_ut,triangular,197,6.700179697172737,83.08604358855611,1.1556570656371528,False
p7_medium_ut,p7_dataset_medium_ut,triangular,217,4.385785658800393,67.51521278896266,1.0269439606434725,False
p7_medium_ut,p7_dataset_medium_ut,triangular,225,5.074660209418519,71.74110556821884,1.0279525743017917,False
p7_medium_ut,p7_dataset_medium_ut,triangular,229,2.6545272100898045,92.21076233997216,0.6640376058431621,False
p7_medium_ut,p7_dataset_medium_ut,triangular,389,4.225083896989988,57.91596720719294,1.0738817127731024,False
p7_medium_ut,p7_dataset_medium_ut,triangular,464,6.68591018112539,97.68718399477949,1.3771697984884264,False
p7_medium_ut,p7_dataset_medium_ut,triangular,609,6.424699628599386,78.6181393578282,1.0847507538998091,False
p7_medium_ut,p7_dataset_medium_ut,triangular,623,4.544145757969516,85.67950253180726,1.2450804517471956,False
p7_medium_ut,p7_dataset_medium_ut,triangular,770,6.526605459337163,94.5319612599266,1.2486622951134299,False
p7_medium_ut,p7_dataset_medium_ut,triangular,891,4.166742299901725,66.27194459409243,0.8885711670520663,False
p7_medium_ut,p7_dataset_medium_ut,triangular,971,5.075567467516368,103.39355709828124,1.1995583443228266,False
p7_medium_ut,p7_dataset_medium_ut,triangular,1047,5.838786349285667,120.56093966745732,1.481071904026092,False
p7_medium_ut,p7_dataset_medium_ut,triangular,1085,6.779849124975743,94.52613599005873,1.3415871609564731,False
p7_medium_ut,p7_dataset_medium_ut,triangular,1178,4.796600382481836,79.19191631839922,1.0429426033706606,False
p7_medium_ut,p7_dataset_medium_ut,triangular,1422,3.3916215851898306,78.7914350221539,0.8924517300620551,False
p7_medium_ut,p7_dataset_medium_ut,triangular,1602,9.37937761068741,169.96435317443812,1.5314212691359916,False
p7_medium_ut,p7_dataset_medium_ut,triangular,1739,5.395339213171062,77.63753856336307,1.098091973379685,False
p7_medium_ut,p7_dataset_medium_ut,triangular,1797,4.158970213966024,77.41902334026786,0.989520139687043,False
p7_medium_ut,p7_dataset_medium_ut,triangular,1854,4.3664822564808645,66.45703241722705,1.0427988362436722,False
p7_medium_ut,p7_dataset_medium_ut,triangular,1877,4.054772336556144,68.11872112485158,0.9040873961751685,False
p7_medium_ut,p7_dataset_medium_ut,triangular,1973,3.5488417615855017,71.32383911160024,0.9684252696360012,False
