regime,traj_idx,E_short,E_max,t_E_max,P_thr_5pct,amp_loss_pct,energy_drift_pct,error_corr_time,t_div,T_max_5pct,T_max_10pct,T_mean_5pct,T_mean_10pct
Pushforward,3,1.4760666996557149e-05,0.00037264606362441555,3.84,24.539877300613497,-5.475340304071991,102983659.89581746,0.15,3.7800000000000002,2.43,3.7800000000000002,,
Pushforward,13,3.2432848436655177e-06,0.0006928606389919878,4.29,37.423312883435585,-7.434276780480143,,0.18,3.21,3.0300000000000002,3.21,,
Pushforward,39,2.2226322714721218e-05,0.00043032492430938873,2.67,23.926380368098158,-2.6406124547035046,371316209.6088478,0.21,2.67,1.05,2.67,,
Pushforward,49,5.564536505162372e-06,0.0003180703647558403,4.38,55.828220858895705,-15.014163369894653,,0.39,2.97,1.32,2.97,4.32,
Pushforward,57,5.1853575772863225e-05,0.0009880339299890295,0.24,98.15950920245399,-81.06629976547815,-67.68916415989295,0.06,0.15,0.15,0.15,4.68,
Pushforward,58,3.4521520604869016e-06,0.0006564464174516615,4.92,37.423312883435585,-4.2416548621707095,,0.27,4.08,3.09,4.08,4.29,
Pushforward,104,4.0502949604906925e-06,0.00046444312147286837,4.74,43.558282208588956,-14.85952427353155,,0.24,3.3000000000000003,1.77,3.3000000000000003,4.59,
Pushforward,108,2.3539279180694174e-05,0.00036852081637406275,3.84,28.220858895705522,-6.717349601873297,729445.963940677,0.27,,0.87,,,
Pushforward,112,1.1418599407471313e-05,0.00025492704298812896,4.11,52.760736196319016,-6.754483850136311,718083010.2806159,0.24,2.7,1.1400000000000001,2.7,,
Pushforward,136,1.798146426461224e-05,0.0003283307269157376,2.5500000000000003,26.993865030674847,-8.59828265103315,43719004.91626965,0.18,,0.96,,,
Pushforward,179,2.8212875050836e-05,0.00047010168600536417,4.92,42.94478527607362,-6.289154468392777,592764.4720490511,0.21,4.92,0.87,4.92,,
Pushforward,183,6.097966472559007e-06,0.0005708259491257195,4.92,65.03067484662577,-20.500123473565182,,0.36,2.97,1.3800000000000001,2.97,4.3500000000000005,
Pushforward,189,4.5533055908713144e-05,0.0015753101197333308,0.24,98.15950920245399,-74.16420199030006,-73.80017526679995,0.06,0.15,0.15,0.15,,
Pushforward,194,2.636828406342294e-05,0.00043035829503423884,2.22,27.607361963190183,-7.61415541604278,54744.07573505007,0.18,2.22,0.78,2.22,,
Pushforward,195,4.746563843924461e-06,0.00022092812787377625,4.92,73.00613496932516,-4.367615915919139,,0.36,3.0300000000000002,1.11,3.0300000000000002,3.12,4.89
Pushforward,196,3.110706522947602e-06,0.0006829756616753002,4.92,39.263803680981596,-8.352772259984556,,0.21,3.21,3.0,3.21,4.86,
Pushforward,197,3.1932631316512986e-06,0.0005563751192312338,4.38,36.809815950920246,-6.64243288702236,,0.21,4.14,3.0300000000000002,4.14,,
Pushforward,208,4.32998682818148e-05,0.0010086501656587643,4.5600000000000005,98.15950920245399,-14.26688749969761,-54.143300776151264,0.06,0.21,0.15,0.21,,
Pushforward,217,1.133923503370661e-05,0.00020521499709502677,3.72,77.30061349693251,-19.28686711548032,3935.0756224492516,0.21,0.51,0.33,0.51,,
Pushforward,225,1.5140046549943513e-05,0.00033477052602393087,2.07,54.60122699386503,-9.992268368457653,74225.23777443358,0.18,1.86,0.75,1.86,,
Pushforward,229,7.580880873198678e-05,0.0011760016896005254,4.59,98.15950920245399,-10.508388358038156,-62.34160755370074,0.06,0.15,0.15,0.15,,
Pushforward,258,2.108900144425334e-05,0.0003931344044758589,3.93,43.558282208588956,-8.318485797686868,32592028.304768372,0.18,2.58,0.96,2.58,,
Pushforward,322,2.5545738864046203e-05,0.0005165310799384315,2.67,39.877300613496935,-9.065526685372083,204508915.84067973,0.32999999999999996,2.64,0.96,2.64,,
Pushforward,389,3.760194220986061e-05,0.0006794499645366159,4.74,66.87116564417178,-9.543620135391352,6401.829768584771,0.09,0.6,0.51,0.6,,
Pushforward,426,8.469822618165328e-05,0.001511251583451667,3.39,94.47852760736197,-3.845981104416173,-15.150564753241621,0.15,0.33,0.24,0.33,,
Pushforward,447,1.1053499619275919e-05,0.0003835565371446137,4.47,63.80368098159509,-7.099092423181601,,0.21,,1.3800000000000001,,,
Pushforward,464,3.414071003807649e-06,0.0006170585384097649,4.89,28.834355828220858,-5.111550270570468,,0.27,4.08,3.12,4.08,4.74,
Pushforward,477,3.6563916847436544e-06,0.0008849279402056709,4.29,39.263803680981596,-6.406583230343705,,0.18,3.15,2.85,3.15,,
Pushforward,573,8.670833587080583e-06,0.00020562939971568994,3.93,69.93865030674847,-8.754380480398218,14921733.865992403,0.21,1.77,0.6900000000000001,1.77,,
Pushforward,605,3.7522034196473073e-06,0.0003695939699355222,4.59,30.061349693251532,-17.695074763323536,,0.3,3.84,3.3000000000000003,3.84,4.47,
Pushforward,609,3.2307631671316005e-06,0.0006087634301366052,4.92,38.65030674846626,-9.604331775158059,,0.21,3.24,3.0300000000000002,3.24,4.29,
Pushforward,623,3.1779377495765738e-06,0.000626234337232745,4.92,37.423312883435585,-22.786810659544877,,0.18,3.39,2.94,3.39,4.59,4.7700000000000005
Pushforward,687,1.3052259332767447e-05,0.000486940792598034,4.38,53.374233128834355,-11.927172025586778,,0.21,4.32,1.23,4.32,,
Pushforward,698,2.0224498505896097e-05,0.00036596606332750525,3.3000000000000003,95.70552147239263,-48.11142168531031,-35.38346402964461,0.09,0.33,0.24,0.33,3.15,
Pushforward,709,3.388511809894441e-06,0.0005106121129756502,4.38,40.49079754601227,-6.6077831858828695,,0.24,4.14,2.7600000000000002,4.14,4.29,
Pushforward,711,4.893076899494644e-05,0.00069820329516386,3.3000000000000003,87.73006134969326,-14.11151836944244,1357.362890034145,0.12,0.42,0.39,0.42,,
Pushforward,745,1.7983130692656716e-05,0.00046904068267394905,4.11,57.668711656441715,-13.759814384438863,1102813138.9179382,0.39,2.67,1.05,2.67,,
Pushforward,770,3.298535838071861e-06,0.00043395576540206093,4.86,31.901840490797547,-2.5805652163502995,,0.32999999999999996,4.11,3.3000000000000003,4.11,4.65,
Pushforward,815,3.6185109844502694e-06,0.000644812674181594,4.2,44.171779141104295,-11.425125007226349,,0.18,2.97,2.7600000000000002,2.97,4.7700000000000005,
Pushforward,824,1.904430211130636e-05,0.0004447610831448401,2.67,36.809815950920246,-7.6105262323553236,314251980.6559099,0.15,2.64,1.05,2.64,,
Pushforward,860,9.922865916686297e-05,0.001965418102372496,4.65,95.70552147239263,-18.444814054296423,-57.25450785066035,0.12,0.24,0.24,0.24,,
Pushforward,871,3.526598676570059e-06,0.0006715372273902176,4.92,44.171779141104295,-11.70711446742475,,0.18,3.0300000000000002,2.7600000000000002,3.0300000000000002,4.7700000000000005,
Pushforward,876,6.43875866493347e-06,0.0002221833610747126,4.92,72.39263803680981,-17.980964901364434,109373687.12776563,0.21,1.86,0.78,1.86,4.0200000000000005,
Pushforward,891,8.365560477866713e-06,0.000682446904193057,4.29,65.6441717791411,-8.71246290182941,,0.15,2.82,1.5,2.82,,
Pushforward,899,4.708773698319458e-06,0.0002998856143676676,4.47,55.828220858895705,-36.201336382199585,,0.42,2.94,0.96,2.94,4.0200000000000005,4.17
Pushforward,910,1.6725281801442824e-05,0.00042959736401826376,3.75,73.00613496932516,-17.405778862323963,67582.04000552192,0.21,1.77,0.6,1.77,,
Pushforward,944,6.820796530296218e-05,0.000760981668918248,4.86,91.41104294478528,-4.338254411920085,188.15048267949766,0.24,1.68,0.33,1.68,,
Pushforward,957,3.2204256800497036e-06,0.0005779412244919513,4.17,38.65030674846626,-5.098697607311062,,0.21,3.18,3.0300000000000002,3.18,,
Pushforward,961,5.447088169002871e-05,0.0013549950756015505,0.33,96.31901840490798,-35.5286472040327,-56.72611470952287,0.06,0.3,0.24,0.3,,
Pushforward,965,1.8820631229156214e-05,0.00048507197743674624,4.2,38.65030674846626,-11.48632284480077,1595954495.4529343,0.36,2.73,1.1400000000000001,2.73,,
Pushforward,971,3.5286590671658423e-06,0.000259835521774221,4.41,44.171779141104295,-18.195957720453364,,0.18,3.63,2.4,3.63,4.3500000000000005,
Pushforward,991,5.455659921606845e-06,0.0007382060352938424,4.74,61.96319018404908,-12.856481463741531,,0.18,2.88,1.59,2.88,,
Pushforward,1030,1.3966887826674844e-05,0.00027155392217537155,1.95,84.66257668711657,-14.197459825841408,10093.86033088417,0.15,0.6,0.51,0.6,,
Pushforward,1047,3.3865213206376413e-06,0.0002811220956573379,4.5600000000000005,45.39877300613497,-18.186658916807797,,0.32999999999999996,2.94,2.13,2.94,4.29,4.62
Pushforward,1072,1.1273643492199798e-05,0.0004945264072375721,3.75,74.23312883435582,-27.98786781304389,45925.34372289068,0.24,0.6,0.51,0.6,3.72,
Pushforward,1082,4.8787152342482446e-06,0.0002364982055951259,4.29,45.39877300613497,-15.954519360709705,,0.24,4.14,1.32,4.14,,
Pushforward,1085,3.256544994481658e-06,0.0006459095966420136,4.89,34.355828220858896,-5.251952343125866,,0.27,4.05,3.09,4.05,4.7700000000000005,
Pushforward,1087,2.9383062377866585e-06,0.0005787790641988977,4.74,41.717791411042946,-18.266062645557643,,0.24,3.33,1.68,3.33,4.59,4.8
Pushforward,1091,1.113823655817299e-05,0.00026697250354335445,3.54,85.2760736196319,-17.100378372577584,11720.48951229413,0.15,0.6,0.48,0.6,,
Pushforward,1110,3.296176136502962e-06,0.0006254780423660122,4.47,41.104294478527606,-3.8207657496559873,,0.27,3.66,2.4,3.66,3.75,
Pushforward,1118,3.204777948297353e-06,0.000585585938551958,4.92,34.355828220858896,-6.756784010051453,,0.24,4.05,3.0300000000000002,4.05,4.89,
Pushforward,1178,1.0291496371101853e-05,0.0003992457936874416,4.38,60.736196319018404,-9.471589486693846,,0.24,2.91,1.29,2.91,,
Pushforward,1186,5.262468334898306e-06,0.0003459955396465375,4.38,57.05521472392638,-17.973890967164337,,0.36,2.97,1.32,2.97,4.29,
Pushforward,1192,8.453116105046164e-06,0.00046646472128486494,4.89,69.93865030674847,-7.771973852358156,,0.15,3.0,1.32,3.0,,
Pushforward,1197,2.4971115304167922e-05,0.0003974802084485418,2.5500000000000003,39.263803680981596,-7.964497162141704,17275531.821655083,0.15,,0.93,,,
Pushforward,1237,5.856596947490644e-06,0.0003813693720076117,4.5600000000000005,62.576687116564415,-9.804794625354573,,0.15,4.5,1.5,4.5,,
Pushforward,1280,4.856908832268594e-06,0.0001848418442023103,4.65,68.09815950920246,-3.610943377834708,,0.27,3.18,1.1400000000000001,3.18,3.42,
Pushforward,1281,4.078772203087749e-06,0.0005632729844364803,4.92,30.67484662576687,-4.580556175660983,,0.27,4.2,2.85,4.2,4.23,
Pushforward,1334,5.510116755228665e-06,0.0006776014106435468,4.38,61.34969325153374,-9.761652208761948,,0.18,2.82,1.68,2.82,,
Pushforward,1395,5.933828610143754e-06,0.0002780441536742728,4.92,78.52760736196319,-22.76512367884601,,0.21,1.23,1.11,1.23,3.15,4.92
Pushforward,1412,4.183624517056133e-05,0.0007920544626358605,3.48,92.02453987730061,-14.954585873629068,70.8755592557,0.09,0.33,0.24,0.33,,
Pushforward,1413,0.00011620300505633773,0.0017371554499732156,4.92,93.25153374233129,-0.1463233141421562,78.59284649301875,0.21,0.33,0.33,0.33,4.92,
Pushforward,1422,1.871923373930129e-05,0.0005708330863853917,4.68,96.31901840490798,-21.73326208365229,-17.1761289090162,0.09,0.24,0.21,0.24,4.11,
Pushforward,1429,2.6183894811500876e-05,0.00048667017836123705,4.83,71.77914110429448,-10.990776549061696,112835.42836554375,0.12,1.77,0.78,1.77,,
Pushforward,1485,4.129141198818077e-06,0.0008876576866896357,4.92,42.331288343558285,-16.7560347390418,,0.24,2.94,2.7600000000000002,2.94,4.92,
Pushforward,1499,3.8024875694701043e-06,0.0003244353329137084,4.53,53.987730061349694,-37.767213876748265,,0.36,3.15,1.05,3.15,4.08,4.23
Pushforward,1565,5.715037261469387e-06,0.0005798315960419131,4.65,61.96319018404908,-12.38563875372977,,0.18,2.88,1.59,2.88,,
Pushforward,1602,5.810451404002426e-06,0.00020779292344741407,4.29,63.190184049079754,-21.20022007983015,159246605.24659392,0.42,0.96,0.78,0.96,3.9,
Pushforward,1629,5.2200599722957e-06,0.00044279688881943,4.83,61.34969325153374,-17.715356811300424,,0.39,3.09,1.3800000000000001,3.09,4.32,
Pushforward,1640,1.1072492735620597e-05,0.00029960859819766483,4.11,44.171779141104295,-11.829121711723962,508182793.6081047,0.44999999999999996,2.64,1.1400000000000001,2.64,,
Pushforward,1651,7.927273220581234e-06,0.0006801288081987877,4.29,65.03067484662577,-6.515940525554428,,0.18,3.21,1.5,3.21,,
Pushforward,1728,2.427709845838339e-05,0.00047060136967047583,3.75,29.447852760736197,-4.915377185684669,1599603763.5834289,0.27,,1.1400000000000001,,,
Pushforward,1732,9.872024837739422e-06,0.0002283922940478078,3.54,26.993865030674847,-3.013216483865452,64012747.457103446,0.15,3.5100000000000002,0.96,3.5100000000000002,,
Pushforward,1739,3.360734309020786e-06,0.0006808110124438826,4.92,41.717791411042946,-8.774987942506673,,0.18,3.0300000000000002,2.82,3.0300000000000002,,
Pushforward,1750,1.1682285617999732e-05,0.00024637661317683524,3.66,20.245398773006134,-1.94393717920428,472872905.1623969,0.15,,2.31,,,
Pushforward,1797,1.1945751826650408e-05,0.00045700152577410336,4.47,53.987730061349694,-10.983361495869023,,0.21,4.3500000000000005,1.29,4.3500000000000005,,
Pushforward,1813,1.432026215405902e-05,0.0006071907682780875,3.42,63.80368098159509,-9.174114944715905,,0.15,3.0300000000000002,1.32,3.0300000000000002,,
Pushforward,1843,1.714648296617703e-05,0.00036104434957451303,2.58,26.993865030674847,-5.993117481055478,51438871.24239362,0.18,,0.96,,,
Pushforward,1854,7.157136585904546e-06,0.0003196703728463035,4.47,63.80368098159509,-9.672445720169094,,0.21,3.24,1.3800000000000001,3.24,,
Pushforward,1859,3.2135878407939146e-06,0.0006000890525683644,4.47,38.03680981595092,-7.152732901982007,,0.18,3.5700000000000003,3.0300000000000002,3.5700000000000003,4.38,
Pushforward,1863,3.5604855800754357e-06,0.00022000594708515564,4.65,60.736196319018404,-26.810120698758364,,0.36,2.67,1.05,2.67,4.26,4.41
Pushforward,1875,1.821018902690948e-05,0.0005019940508645959,4.74,60.736196319018404,-11.954760429876503,5853.416545054796,0.12,1.86,0.5700000000000001,1.86,,
Pushforward,1877,1.2902501746982323e-05,0.00047549760711262934,3.12,63.190184049079754,-7.3730071547494385,,0.15,3.12,1.32,3.12,,
Pushforward,1885,3.6134467348171775e-06,0.0005070346687716665,4.92,39.877300613496935,-1.4175557138457564,,0.39,4.08,2.13,4.08,4.14,
Pushforward,1887,3.433506301556004e-05,0.0005149720686858927,4.92,73.00613496932516,-6.346062637199884,537.232694371318,0.24,0.51,0.42,0.51,,
Pushforward,1899,2.7467436060922427e-05,0.0005027270863138256,4.62,96.31901840490798,-6.513277531116221,-20.942507041720045,0.06,0.3,0.24,0.3,,
Pushforward,1935,6.099798385151901e-06,0.0003505627864797134,4.5600000000000005,53.374233128834355,-24.50903743235342,,0.39,3.5100000000000002,1.2,3.5100000000000002,4.14,
Pushforward,1973,4.07734997794558e-06,0.0006008746977386181,4.74,59.50920245398773,-16.30919235141479,,0.15,3.27,1.59,3.27,4.65,
Pushforward,1974,3.0072947438936525e-05,0.0006113055874266138,4.92,60.736196319018404,-8.081224935731763,3956.0993673630373,0.09,0.51,0.51,0.51,,
TBPTT,3,9.431105683475302e-05,0.0025220691750291735,3.9,90.1840490797546,-3.516957772022478,92827694.0853937,0.21,0.6,0.54,0.6,2.22,2.82
TBPTT,13,2.2235025348375515e-05,0.0031320796952059027,4.5600000000000005,74.23312883435582,-7.983202110884819,,0.39,1.41,1.29,1.41,2.5500000000000003,3.63
TBPTT,39,0.00011418779450547439,0.003213648324162932,3.99,89.57055214723927,0.818759552441432,126645086.96985261,0.21,0.66,0.5700000000000001,0.66,1.86,2.91
TBPTT,49,3.003960316008174e-05,0.0012653272697207285,4.11,86.50306748466258,-52.26490673778854,,0.18,0.81,0.72,0.81,2.1,3.0300000000000002
TBPTT,57,0.00018879747949972624,0.002030529524095895,3.12,98.15950920245399,-37.049792563056656,102.62872839838697,0.15,0.15,0.15,0.15,0.36,0.54
TBPTT,58,1.74273317481886e-05,0.001694603275609552,4.65,77.91411042944786,-25.602545081056068,,0.15,1.41,1.1400000000000001,1.41,2.37,3.48
TBPTT,104,2.9346457988689165e-05,0.0012296215209062211,3.12,82.82208588957056,-27.461000953249034,,0.21,1.11,0.9,1.11,2.25,3.12
TBPTT,108,0.0001471451174626122,0.003614276169173536,3.81,91.41104294478528,4.202970956824365,9843915.219572099,0.18,0.51,0.48,0.51,1.68,2.64
TBPTT,112,5.989417253775512e-05,0.0020737768572871573,3.87,89.57055214723927,-40.55347818016668,515423075.74986273,0.36,0.66,0.5700000000000001,0.66,1.47,3.0300000000000002
TBPTT,136,0.00010191397562397783,0.0028188471605972154,3.9,90.79754601226993,-1.8578482394612894,47727143.838531084,0.18,0.5700000000000001,0.51,0.5700000000000001,2.13,2.82
TBPTT,179,0.00017464955188609358,0.0038953943776505184,3.81,91.41104294478528,2.0423910609404032,7457034.968529273,0.18,0.51,0.48,0.51,1.62,2.61
TBPTT,183,3.234269700845457e-05,0.0016835321785038104,4.11,85.88957055214723,-54.68169939361045,,0.54,0.84,0.75,0.84,1.8900000000000001,3.0300000000000002
TBPTT,189,0.000254761801576229,0.0018118458646447788,3.12,98.15950920245399,11.754104574464316,36.68620173757506,0.09,0.15,0.15,0.15,0.42,0.84
TBPTT,194,0.0001646375077257872,0.0037437196251630667,4.83,92.63803680981596,-1.0835528744276721,973118.0645802631,0.18,0.45,0.42,0.45,1.59,2.04
TBPTT,195,1.429696804776376e-05,0.0011283574449352657,4.29,82.82208588957056,-109.95445346945297,,0.18,0.99,0.9,0.99,1.6500000000000001,1.8900000000000001
TBPTT,196,2.229125123808631e-05,0.0018035691045952262,4.5600000000000005,78.52760736196319,-9.405117359341467,,0.15,1.32,1.11,1.32,2.37,3.39
TBPTT,197,2.1648560387566124e-05,0.0021071365827083355,4.5600000000000005,77.91411042944786,-10.345654723703564,,0.24,1.41,1.11,1.41,2.43,4.11
TBPTT,208,0.00023687815854190732,0.0018017980342825424,3.15,98.15950920245399,5.473844840970252,77.9496414565863,0.12,0.18,0.15,0.18,0.42,0.75
TBPTT,217,9.480868155006228e-05,0.0015409781408379786,3.48,94.47852760736197,-50.271739946126566,59769.73162648216,0.15,0.36,0.33,0.36,0.75,1.02
TBPTT,225,9.541484755439808e-05,0.002583693895758188,3.63,92.63803680981596,-19.898798990615784,2311764.941736263,0.24,0.45,0.42,0.45,1.02,2.5500000000000003
TBPTT,229,0.00035880783088180004,0.00318734015309019,1.59,98.15950920245399,34.60709561244586,-70.48943872740875,0.06,0.15,0.15,0.15,0.6,
TBPTT,258,0.00011056273440995084,0.0031992582062230213,3.9,90.1840490797546,0.14519525517439422,35841246.450622916,0.18,0.5700000000000001,0.51,0.5700000000000001,2.13,2.82
TBPTT,322,0.00011678082753659279,0.0033705242512951372,3.99,89.57055214723927,-0.22519156036741209,82471557.99673752,0.21,0.66,0.5700000000000001,0.66,1.86,2.82
TBPTT,389,0.000172530215942584,0.0032636396208545193,3.5700000000000003,94.47852760736197,0.5350630105247414,27927.143632682888,0.12,0.39,0.33,0.39,1.32,2.4
TBPTT,426,0.0004498774236643402,0.0048898148406806285,3.27,96.93251533742331,20.467163748769185,-5.16805696296972,0.09,0.24,0.21,0.24,0.78,2.04
TBPTT,447,6.114496506179737e-05,0.0022924683398741763,4.44,84.66257668711657,-4.859105035087589,,0.24,0.96,0.78,0.96,2.31,3.27
TBPTT,464,1.7895438783154068e-05,0.0016030877886805683,3.48,78.52760736196319,-43.99802996241784,,0.21,1.41,1.11,1.41,2.34,3.0300000000000002
TBPTT,477,3.1180202687035466e-05,0.003110134810413001,4.38,76.68711656441718,-5.865669314003391,,0.32999999999999996,1.32,1.11,1.32,2.49,3.54
TBPTT,573,5.5364813114321676e-05,0.00102084717662837,3.5700000000000003,91.41104294478528,-32.92009883002037,31029306.14019358,0.18,0.51,0.48,0.51,1.11,3.48
TBPTT,605,2.1785378759859663e-05,0.0012311172995396191,4.3500000000000005,82.82208588957056,-40.080351604943566,,0.24,0.99,0.9,0.99,2.13,2.52
TBPTT,609,2.0357981431640894e-05,0.0026511528940318385,4.5600000000000005,74.84662576687117,-11.051069521110328,,0.3,1.41,1.2,1.41,2.46,3.72
TBPTT,623,2.220243732098893e-05,0.0015014102282293607,3.3000000000000003,80.98159509202453,-46.85673142130057,,0.3,1.2,0.99,1.2,2.19,2.61
TBPTT,687,6.303941228128193e-05,0.00234052777159377,4.26,86.50306748466258,-3.3548769101073765,3233976803.5687156,0.21,0.84,0.72,0.84,2.4,3.27
TBPTT,698,0.0001250607646212212,0.0018154724493797403,3.3000000000000003,96.31901840490798,-106.52020070527813,1605.6499840422573,0.15,0.27,0.24,0.27,0.54,0.66
TBPTT,709,1.710740675834697e-05,0.0019273631041869521,4.65,76.07361963190183,-13.488364270183471,,0.21,1.47,1.2,1.47,2.4,3.48
TBPTT,711,0.00017450481309972153,0.003035806916159345,4.68,95.0920245398773,-9.036274567403295,1055.716491764918,0.12,0.33,0.3,0.33,1.1400000000000001,1.86
TBPTT,745,7.73111275346047e-05,0.002322238660781295,4.08,88.95705521472392,-5.3843089007847444,471449247.1211513,0.24,0.66,0.6,0.66,2.5500000000000003,3.0
TBPTT,770,1.4328068847245292e-05,0.0017494063395133708,3.39,79.14110429447852,-80.58153430528166,,0.21,1.2,1.08,1.2,2.43,2.67
TBPTT,815,3.373033327977615e-05,0.0026226625877825427,4.38,79.75460122699387,-10.506007160279033,,0.24,1.23,1.02,1.23,2.4,3.63
TBPTT,824,9.760779542178232e-05,0.0029050344091956504,3.99,89.57055214723927,-0.8464922484495484,129266946.05041516,0.21,0.66,0.5700000000000001,0.66,2.22,2.91
TBPTT,860,0.0005094780204648008,0.004261057110852562,4.5,96.93251533742331,25.477197336012075,-35.7527915052889,0.09,0.21,0.21,0.21,0.6,
TBPTT,871,3.32968037149049e-05,0.0026373740247436217,4.38,79.75460122699387,-11.163306986405313,,0.27,1.23,1.02,1.23,2.4,3.63
TBPTT,876,4.497637786583302e-05,0.0011685103563650046,3.81,90.79754601226993,-59.423052115863726,44391783.86025872,0.18,0.54,0.51,0.54,1.11,2.37
TBPTT,891,6.147640092229415e-05,0.0031373324345622677,4.65,83.43558282208589,-1.9097730603809375,,0.21,0.96,0.84,0.96,2.25,3.18
TBPTT,899,2.2264064439044103e-05,0.0011531600640073449,3.93,87.73006134969326,-86.20274128096739,,0.15,0.72,0.66,0.72,1.5,1.86
TBPTT,910,9.452096668691549e-05,0.0020067852492502425,3.63,93.25153374233129,-14.969890181525182,2354509.3588114204,0.15,0.45,0.39,0.45,0.93,2.64
TBPTT,944,0.0002862080584823501,0.0039041966210788814,4.59,95.70552147239263,13.658492468361253,-45.249336577445625,0.12,0.3,0.27,0.3,1.05,2.04
TBPTT,957,2.213337981161415e-05,0.002788419902572059,4.5600000000000005,74.84662576687117,-10.005449135096088,,0.32999999999999996,1.41,1.2,1.41,2.46,3.72
TBPTT,961,0.00023887804218791474,0.0021710326917656064,3.21,97.54601226993866,14.669703387678895,77.91811511232325,0.09,0.21,0.18,0.21,0.6900000000000001,
TBPTT,965,8.414926314596304e-05,0.0026078406644955976,4.08,88.34355828220859,-2.5266310895538395,566615595.6243591,0.24,0.6900000000000001,0.63,0.6900000000000001,2.31,3.0
TBPTT,971,2.1741143387368572e-05,0.001038147152242208,4.0200000000000005,84.66257668711657,-39.72494623851615,,0.18,0.87,0.81,0.87,1.77,2.49
TBPTT,991,4.97009211412695e-05,0.002790918020764366,4.83,83.43558282208589,-5.711215047700913,,0.21,1.05,0.87,1.05,2.4,3.36
TBPTT,1030,0.00010957197171201368,0.0009972485265991038,3.3000000000000003,93.86503067484662,-52.39457556872311,410588.43795470375,0.18,0.39,0.36,0.39,0.81,1.02
TBPTT,1047,2.462559582372812e-05,0.001070748507553565,3.93,85.88957055214723,-43.78730083420667,,0.18,0.81,0.75,0.81,1.68,2.7600000000000002
TBPTT,1072,9.757816953284617e-05,0.0009163873922898302,3.39,93.25153374233129,-38.41302643755746,1325793.3764191195,0.18,0.42,0.39,0.42,0.9,1.2
TBPTT,1082,3.0164263810487495e-05,0.001002185154970997,3.84,87.11656441717791,-27.77654298229454,,0.21,0.78,0.6900000000000001,0.78,2.4,2.94
TBPTT,1085,1.84298276579162e-05,0.0019243467722844798,3.48,78.52760736196319,-37.25223596695229,,0.21,1.41,1.11,1.41,2.31,3.39
TBPTT,1087,2.6404227704857648e-05,0.0012788895546691492,3.21,82.20858895705521,-33.136399201258584,,0.24,1.11,0.93,1.11,2.25,3.21
TBPTT,1091,7.271881141190742e-05,0.0014258731898735277,3.54,93.86503067484662,-62.09923339401754,712325.1728479265,0.15,0.39,0.36,0.39,0.84,1.2
TBPTT,1110,1.6440166285487297e-05,0.0021084917771077016,4.65,75.4601226993865,-11.008824075004643,,0.18,1.5,1.2,1.5,2.4,3.48
TBPTT,1118,1.979717191727116e-05,0.0019170929463143693,4.5600000000000005,78.52760736196319,-17.680958954881945,,0.15,1.41,1.11,1.41,2.34,3.39
TBPTT,1178,5.239062730394178e-05,0.0017382937057845993,4.17,87.11656441717791,-18.05684211285547,3027196691.4512825,0.32999999999999996,0.78,0.6900000000000001,0.78,2.49,3.27
TBPTT,1186,2.9386477627605404e-05,0.001084604264178779,2.7600000000000002,86.50306748466258,-41.59890451380764,,0.12,0.81,0.72,0.81,2.22,2.7600000000000002
TBPTT,1192,4.8569104601374324e-05,0.0017251993576792302,4.26,85.88957055214723,-5.3080863139524785,,0.27,0.96,0.75,0.96,2.58,3.36
TBPTT,1197,0.00013837662249705334,0.003517470831866376,3.9,90.79754601226993,1.38090450594745,26096686.260586597,0.18,0.5700000000000001,0.51,0.5700000000000001,1.77,2.73
TBPTT,1237,4.0072901299698e-05,0.0014600242629967397,4.2,84.04907975460122,-11.984601840711438,,0.3,0.93,0.81,0.93,2.67,3.63
TBPTT,1280,1.3942161946465328e-05,0.0010925036796570198,4.29,82.20858895705521,-73.38911569869475,,0.24,1.02,0.93,1.02,1.68,2.04
TBPTT,1281,1.1814425989127327e-05,0.001750143310346175,3.5700000000000003,77.91411042944786,-67.83531054878064,,0.21,1.3800000000000001,1.1400000000000001,1.3800000000000001,2.37,2.7600000000000002
TBPTT,1334,4.929975001697597e-05,0.003143782998449751,4.92,81.59509202453988,-5.010853785537587,,0.24,1.1400000000000001,0.93,1.1400000000000001,2.4,3.36
TBPTT,1395,1.4139075233056014e-05,0.0012002326184301637,4.29,82.82208588957056,-147.1246309153817,,0.15,0.96,0.9,0.96,1.3800000000000001,1.8
TBPTT,1412,0.00022615212085801264,0.0023821271450989254,3.3000000000000003,96.31901840490798,-35.648132660078474,-80.6988145371844,0.09,0.24,0.24,0.24,0.51,2.13
TBPTT,1413,0.00040243908765464915,0.004872609326412203,3.36,95.70552147239263,10.484421675298405,-43.92853604065313,0.12,0.3,0.27,0.3,0.87,1.77
TBPTT,1422,0.0001463591495253043,0.0019098628646197443,3.3000000000000003,96.93251533742331,-76.63020169793187,305.79256379161654,0.15,0.24,0.21,0.24,0.48,0.63
TBPTT,1429,0.00012183919825743404,0.0029982867499711574,3.63,92.63803680981596,-9.675279128641199,1918780.5933524582,0.18,0.45,0.42,0.45,1.53,2.5500000000000003
TBPTT,1485,3.5563895087726294e-05,0.0022288920463324757,4.92,79.75460122699387,-10.57152262671598,,0.24,1.23,1.02,1.23,2.4,3.63
TBPTT,1499,1.963601526276017e-05,0.0011564585600879994,4.0200000000000005,86.50306748466258,-101.82406628462466,,0.15,0.78,0.72,0.78,1.5,1.77
TBPTT,1565,4.809215046961034e-05,0.0022864106176712085,4.74,82.82208588957056,-8.685762315594127,,0.21,1.05,0.87,1.05,2.31,3.54
TBPTT,1602,3.23235928011201e-05,0.0013092380922724509,3.75,90.79754601226993,-98.18639882984894,117912711.88540302,0.18,0.5700000000000001,0.51,0.5700000000000001,1.11,2.2800000000000002
TBPTT,1629,2.837258751855521e-05,0.0015628704541086336,4.14,85.2760736196319,-60.548446611747515,,0.6,0.87,0.78,0.87,2.0100000000000002,3.0300000000000002
TBPTT,1640,5.950409472166891e-05,0.0019853047033393523,3.84,89.57055214723927,-37.772614943768936,498795825.49725986,0.3,0.63,0.5700000000000001,0.63,1.3800000000000001,3.0300000000000002
TBPTT,1651,5.784055694486997e-05,0.00345909558745916,4.92,83.43558282208589,-4.133560492065223,,0.21,1.05,0.84,1.05,2.31,2.7600000000000002
TBPTT,1728,0.00011229906097586314,0.0032510915680177277,4.08,87.11656441717791,1.0273250427290066,466529009.5790401,0.24,0.78,0.66,0.78,1.86,2.82
TBPTT,1732,7.543905699119831e-05,0.002052874660876114,3.81,90.79754601226993,-25.649699598454497,115538982.64995529,0.24,0.5700000000000001,0.51,0.5700000000000001,1.29,3.0
TBPTT,1739,3.1316822224616554e-05,0.002636390549923817,4.38,79.14110429447852,-9.17147190004819,,0.27,1.23,1.05,1.23,2.46,3.54
TBPTT,1750,7.342742509678948e-05,0.0022799852431489853,3.84,89.57055214723927,-18.53713308438699,393538488.89418745,0.27,0.66,0.5700000000000001,0.66,2.31,3.0
TBPTT,1797,5.991303507255179e-05,0.0021132295587449335,4.3500000000000005,86.50306748466258,-3.241039625667686,4035424226.1578355,0.21,0.84,0.72,0.84,2.49,3.27
TBPTT,1813,7.860019176575298e-05,0.0033184847816301044,4.68,85.2760736196319,-1.347239729690444,2833634568.6746044,0.24,0.87,0.75,0.87,2.13,2.58
TBPTT,1843,0.000102954446849565,0.0028087316031815135,3.93,90.1840490797546,-0.5671421458011446,52424943.60578266,0.18,0.6,0.54,0.6,2.13,2.82
TBPTT,1854,3.770988957220925e-05,0.0014674831045340397,4.11,85.88957055214723,-25.705577431223702,,0.3,0.84,0.75,0.84,2.1,3.39
TBPTT,1859,2.082049443034809e-05,0.002355863454795326,4.5600000000000005,76.68711656441718,-9.909175759496181,,0.21,1.41,1.1400000000000001,1.41,2.43,3.9
TBPTT,1863,1.7807125722034807e-05,0.0011564636428683436,4.11,85.88957055214723,-114.40324851984529,,0.15,0.84,0.75,0.84,1.56,1.77
TBPTT,1875,0.0001163804222107808,0.0018990062962984666,3.33,94.47852760736197,-11.475373931377707,29511.817737273635,0.12,0.39,0.33,0.39,1.41,2.4
TBPTT,1877,7.217220522462084e-05,0.0031870632537902566,4.47,85.2760736196319,-1.8535468052258823,3086138411.5323253,0.24,0.87,0.75,0.87,2.22,3.18
TBPTT,1885,1.2727839741348696e-05,0.0016710389681975357,3.66,77.30061349693251,-37.78039356639947,,0.21,1.5,1.17,1.5,2.43,2.82
TBPTT,1887,0.00018382354811930117,0.002683259734112653,4.59,95.0920245398773,-19.793137249935835,180.60000940973637,0.12,0.33,0.3,0.33,1.05,2.31
TBPTT,1899,0.0001963496231491524,0.0021630563425855676,3.21,97.54601226993866,-12.336044812539987,375.45693641581613,0.12,0.21,0.18,0.21,0.39,0.6
TBPTT,1935,3.168129702676912e-05,0.0009721136281215514,3.84,87.73006134969326,-25.095451804066776,,0.32999999999999996,0.75,0.66,0.75,2.34,2.85
TBPTT,1973,3.5359619377867054e-05,0.0012471412737795617,3.72,82.82208588957056,-22.334766874116465,,0.3,1.1400000000000001,0.87,1.1400000000000001,2.7600000000000002,3.75
TBPTT,1974,0.000151654187899849,0.002481442903444986,4.59,94.47852760736197,1.2028152745935567,6579.710828832851,0.15,0.36,0.33,0.36,1.32,2.34
